{
  "timestamp": "2025-11-08T11:23:13.441439+00:00",
  "series": {
    "labels": [
      "t-25",
      "t-24",
      "t-23",
      "t-22",
      "t-21",
      "t-20",
      "t-19",
      "t-18",
      "t-17",
      "t-16",
      "t-15",
      "t-14",
      "t-13",
      "t-12",
      "t-11",
      "t-10",
      "t-9",
      "t-8",
      "t-7",
      "t-6",
      "t-5",
      "t-4",
      "t-3",
      "t-2",
      "t-1",
      "11:22:39",
      "11:22:40",
      "11:22:41",
      "11:22:42",
      "11:22:43",
      "11:22:44",
      "11:22:45",
      "11:22:46",
      "11:22:47",
      "11:22:48",
      "11:22:49",
      "11:22:50",
      "11:22:51",
      "11:22:52",
      "11:22:53",
      "11:22:54",
      "11:22:55",
      "11:22:56",
      "11:22:57",
      "11:22:58",
      "11:22:59",
      "11:23:00",
      "11:23:01",
      "11:23:02",
      "11:23:03",
      "11:23:04",
      "11:23:05",
      "11:23:06",
      "11:23:07",
      "11:23:08",
      "11:23:09",
      "11:23:10",
      "11:23:11",
      "11:23:12",
      "11:23:13"
    ],
    "qps": [
      164,
      165,
      156,
      145,
      148,
      135,
      146,
      159,
      153,
      163,
      158,
      145,
      161,
      149,
      159,
      137,
      136,
      163,
      146,
      136,
      139,
      155,
      146,
      138,
      152,
      148,
      153,
      157,
      158,
      162,
      164,
      167,
      166,
      162,
      157,
      158,
      164,
      159,
      159,
      154,
      153,
      158,
      158,
      162,
      166,
      167,
      169,
      172,
      168,
      169,
      163,
      157,
      153,
      159,
      160,
      157,
      154,
      148,
      148,
      148
    ],
    "latencyMs": [
      32.708019059230644,
      33.181379679974704,
      33.99592931957994,
      34.54340060400379,
      33.833549121390746,
      34.80257902870459,
      34.36671786207078,
      33.048899976877536,
      33.03956544830742,
      32.52097248962124,
      33.08308306443611,
      33.516354326254266,
      32.60923385152175,
      32.7539483270508,
      33.100768023739576,
      34.2667915804783,
      34.02088274557313,
      32.725127983655355,
      33.6579876956768,
      35.64352859511888,
      33.96919306506452,
      32.84184563350753,
      34.805184412973,
      34.76877152759065,
      34.24413089293261,
      36.04,
      36.07,
      35.59,
      36.69,
      35.87,
      35.84,
      34.76,
      35.58,
      34.51,
      36.54,
      34.85,
      35.52,
      34.72,
      36.08,
      35.6,
      36.41,
      36.13,
      36.42,
      35.42,
      35.75,
      34.14,
      35.58,
      34.91,
      34.58,
      34.62,
      36.3,
      36.65,
      36.64,
      34.93,
      35.45,
      35.68,
      36.14,
      37.38,
      36.42,
      37.19
    ],
    "cpu": [
      5,
      5,
      5,
      5,
      5,
      5,
      5,
      5,
      5,
      5,
      5,
      5,
      5,
      5,
      5,
      5,
      5,
      5,
      5,
      5,
      5,
      5,
      5,
      5,
      5,
      5,
      17.4,
      22.3,
      18.7,
      15.1,
      13.7,
      17.5,
      14.1,
      12.3,
      14.9,
      17.7,
      37.8,
      32.5,
      22.6,
      15.4,
      18.8,
      22.2,
      12.2,
      26.7,
      22.9,
      25.6,
      18.1,
      13.3,
      14.3,
      20.7,
      18.7,
      16.8,
      26.2,
      10.7,
      14.0,
      16.7,
      12.5,
      24.5,
      20.9,
      10.2
    ],
    "memory": [
      73.3,
      72.3,
      73.3,
      73.3,
      72.3,
      73.3,
      73.3,
      74.3,
      74.3,
      72.3,
      72.3,
      74.3,
      74.3,
      72.3,
      73.3,
      72.3,
      73.3,
      74.3,
      73.3,
      74.3,
      74.3,
      74.3,
      74.3,
      72.3,
      74.3,
      74.3,
      74.4,
      74.3,
      71.8,
      72.7,
      72.7,
      73.7,
      72.5,
      71.6,
      72.6,
      72.8,
      80.6,
      81.0,
      78.9,
      79.4,
      80.9,
      79.9,
      77.6,
      83.2,
      81.0,
      79.9,
      77.1,
      76.9,
      76.7,
      75.0,
      76.9,
      79.0,
      83.4,
      82.1,
      79.3,
      76.3,
      75.1,
      81.8,
      80.9,
      78.1
    ],
    "storageGb": [
      221.7,
      221.72,
      221.74,
      221.76,
      221.78,
      221.8,
      221.82,
      221.84,
      221.86,
      221.88,
      221.9,
      221.92,
      221.94,
      221.96,
      221.98,
      222.0,
      222.02,
      222.04,
      222.06,
      222.08,
      222.1,
      222.12,
      222.14,
      222.16,
      222.18,
      222.18,
      222.2,
      222.22,
      222.24,
      222.24,
      222.24,
      222.26,
      222.26,
      222.28,
      222.28,
      222.28,
      222.28,
      222.3,
      222.3,
      222.3,
      222.32,
      222.32,
      222.34,
      222.36,
      222.36,
      222.38,
      222.4,
      222.42,
      222.42,
      222.42,
      222.44,
      222.46,
      222.46,
      222.46,
      222.48,
      222.48,
      222.5,
      222.52,
      222.52,
      222.52
    ]
  }
}